text,label
Hi or hi or HI,1
"What is Sonata's approach to digital transformation, and how does it align with a cloud-first strategy?",1
Can you explain the key features of Sonata's Platformation™ approach and how it contributes to creating a flexible digital infrastructure?,1
"As an AWS Advanced Partner, how does Sonata support large enterprises, start-ups, and industry leaders in achieving their digital strategy goals?",1
"What specific services does Sonata offer as part of its AWS services, and how do these services contribute to innovation for its clients?",1
"How does Sonata differentiate itself as an expert AWS full-stack service provider, and what advantages does this bring to clients?",1
"Can you elaborate on the role of comprehensive frameworks, digital process libraries, accelerators, and IPs in Sonata's approach to accelerating cloud adoption?",1
How does Sonata ensure best-in-class user experiences and innovative business applications for its clients using AWS infrastructure?,1
In what ways does Sonata's digital strategy support the scalability and adaptability of its clients to changing business environments?,1
"What industries or sectors does Sonata primarily focus on in providing its AWS services, and how does it tailor its solutions to meet the unique needs of different clients?",1
Can you provide examples of successful transformations or projects where Sonata's AWS services have played a significant role in achieving business objectives for clients?,0
How does Sonata's AWS services contribute to sustainable agriculture practices?,0
Can you elaborate on the impact of cloud computing on wildlife conservation efforts?,0
What role does Sonata play in space exploration technologies?,0
How does Sonata's digital strategy align with the fashion industry's sustainability goals?,0
Can you explain how Sonata's Platformation™ approach addresses issues in underwater archaeology?,0
What are the key considerations for using cloud infrastructure in the field of medieval literature research?,0
How does Sonata's AWS services support advancements in renewable energy sources?,0
Can you discuss the influence of Sonata's full-stack services on the field of marine biology?,0
How does Sonata's digital infrastructure contribute to the study of ancient civilizations?,0
In what ways does Sonata's expertise in AWS accelerate progress in the field of quantum computing?,1
How does Sonata's PlatformationTM framework complement Google Cloud Modernization solutions to support a company's transformational goals?,1
Can you elaborate on the key features of Sonata's unique PlatformationTM framework and its role in providing clear roadmaps and connected ecosystems for clients on Google Cloud?,1
"As a Google Cloud Premium Partner, what specific services does Sonata offer to help enterprises migrate, modernize, and transform their applications?",1
How does Sonata address the challenges of fragmentation and obsolescence in both on-premises and public cloud applications during the cloud modernization process?,1
"What advantages does Sonata's expertise as a Google Cloud Premium Partner bring to clients in terms of optimized cost, execution, and seamless customer engagement?",1
Can you provide examples of successful transformations where Sonata's PlatformationTM framework and Google Cloud Modernization solutions have been instrumental in achieving organizational goals?,1
How does Sonata's turnkey solutions for customizing existing legacy apps contribute to the overall success of the cloud modernization process?,1
"What role does Sonata play in ensuring performance, flexibility, security, total cost of ownership (TCO), and return on investment (ROI) for its clients on Google Cloud?",1
"Can you discuss the impact of Sonata's consultancy, deployment, administration, and support solutions on enhancing the overall efficiency of enterprises leveraging Google Cloud services?",1
In what ways does the collaboration between Sonata and Google's cloud infrastructure enable organizations to deliver value to their end consumers more rapidly?,0
How does the migration of penguins influence cloud technology advancements?,0
Can you discuss the impact of cloud modernization on the culinary arts and food industry?,0
In what ways does Sonata's PlatformationTM framework contribute to interstellar space travel?,0
How does cloud infrastructure play a role in the preservation of ancient manuscripts?,0
Can you elaborate on the connection between Google Cloud Services and the exploration of deep-sea ecosystems?,0
What role does Sonata's expertise play in optimizing the performance of antique cars using Google Cloud solutions?,0
How does cloud modernization impact the efficiency of time travel in theoretical physics?,0
Can you discuss the influence of PlatformationTM on the field of paleontology and dinosaur research?,0
In what ways does Google Cloud Services contribute to the development of sustainable fashion trends?,0
How does Sonata's support solutions apply to the optimization of productivity in a zero-gravity environment?,1
"As a longstanding Microsoft Alliance Partner, how does Sonata's collaboration contribute to the legacy of mutual cooperation with Microsoft?",1
"What distinguishes Sonata's position as a member of Microsoft's Dynamics Inner Circle for 2023-24, and how does it reflect the depth of partnership with Microsoft?",1
Can you elaborate on Sonata's role as a launch partner for Microsoft's Fabric initiative and its significance in driving innovation?,1
"In what ways does Sonata contribute as a global Cloud Solutions Partner to Microsoft, and how is it involved in Microsoft's Solutions Assessment Program (AIM)?",1
"As an Azure Expert MSP Partner with 10 advanced specializations, how does Sonata leverage its deep expertise in Dynamics 365, Data Analytics, and Azure to support clients?",1
How does Sonata's commitment to Microsoft's Solutions Assessment Program (AIM) benefit its clients in various industries?,1
"Can you provide examples of how Sonata's innovative models, digital process libraries, and accelerators accelerate cloud adoption for clients in their digital journey?",1
"How does Sonata's digital transformational services impact sectors such as Retail, Consumer Goods, Manufacturing, Distribution, HLS, BFSI, and TMT?",1
"What role do Sonata's platform IPs, such as Brick & Click, Modern Distribution, Rezopia, and CTRM, play in reshaping industries and driving innovation?",1
How does the collaboration between Sonata and Gen.ai enhance Sonata's capabilities and contribute to the overall augmentation of its potential in the digital transformation space?,0
How does Sonata's partnership with Microsoft impact the exploration of outer space?,0
Can you discuss the role of Cloud Solutions in solving challenges faced by ancient civilizations?,0
In what ways does Sonata's expertise in Dynamics 365 contribute to advancements in underwater archaeology?,0
How does Microsoft's Solutions Assessment Program (AIM) influence the study of prehistoric flora and fauna?,0
Can you elaborate on Sonata's role in reshaping the fashion trends of the Victorian era?,0
What impact does Sonata's collaboration with Gen.ai have on the culinary arts and food industry?,0
In what ways does Azure Expert MSP Partner status contribute to the field of medieval literature research?,0
Can you discuss the influence of Sonata's digital process libraries on the development of sustainable transportation solutions?,0
How does Sonata's position in the Dynamics Inner Circle affect the understanding of ancient philosophy?,0
What role does Sonata's expertise in Data Analytics play in the exploration of parallel universes?,1
"What are the core services offered by Sonata Software Limited, and how do they contribute to its portfolio in information technology?",1
"Could you elaborate on the history of Sonata Software, including its founding, evolution as a public company, and key milestones in its journey?",1
"How has Sonata Software expanded its global presence over the years, particularly in the Asia-Pacific, America, Europe, and the Middle-East regions?",1
"What was the significance of Sonata Software obtaining SEI-CMMI Level 5 certification in 2001, and how has it impacted the company's development centers?",1
"Can you provide details on Sonata Software's acquisition strategy, highlighting notable acquisitions such as Rezopia, Xyka, Halosys Technologies, IBIS, and GAPbuster Limited?",1
"How does Sonata Software contribute to entrepreneurship development, particularly through its partnership with the National Institute of Technology, Tiruchirappalli?",1
"Could you share insights into Sonata Software's partnerships, like the one with Parablu in 2016, and how they enhance its service offerings, especially in cloud security solutions?",1
"What role does Sonata Software play in mobile enterprise, given its acquisition of Halosys Technologies and its focus on mobility services?",1
"How has Sonata Software diversified its services into business intelligence, analytics, application development management, and infrastructure management, and what benefits does this diversification bring to its clients?",1
"Can you provide an overview of Sonata Software's subsidiaries and affiliates, including their roles and contributions to the overall operations of the company?",0
How does Sonata Software's history impact the study of ancient civilizations and their technological advancements?,0
"In what ways does the opening of an American branch in Redmond, Washington, contribute to space exploration endeavors?",0
"Can you discuss the role of Sonata Software's partnership with the National Institute of Technology, Tiruchirappalli, in medieval literature research?",0
How does Sonata Software's acquisition of Halosys Technologies influence sustainable agriculture practices?,0
Can you elaborate on the impact of Sonata Software's offices in Frankfurt and Hanover on underwater archaeology research?,0
In what ways does Sonata Software's presence in the Netherlands contribute to advancements in renewable energy solutions?,0
How does Sonata Software's acquisition of Interactive Business Information Systems Inc (IBIS) affect the understanding of prehistoric flora and fauna?,0
Can you discuss the role of Sonata Software's partnership with Parablu in enhancing culinary arts and food industry practices?,0
How does Sonata Software's involvement in cloud security solutions impact the study of quantum computing?,0
In what ways does Sonata Software's collaboration with the Customer Experience company GAPbuster Limited (GBW) contribute to the exploration of parallel universes?,1
"How has the international revenue for Q4 FY2023 changed compared to the previous quarter, and what factors contribute to this quarter-on-quarter (Q-o-Q) growth?",1
What is the year-on-year (Y-o-Y) percentage change in EBITDA for the International Business segment between Q4 FY2023 and Q4 FY2022?,1
"Can you provide insights into the net profit trends in the Domestic Business segment, specifically the percentage change between Q4 FY2023 and Q3 FY2023?",1
How do the Q-o-Q and Y-o-Y changes in revenue for the Domestic Business segment in Q4 FY2023 compare to the overall trends in the industry?,1
What factors might explain the 22% decrease in revenue for the Domestic Business segment in Q4 FY2023 compared to Q3 FY2023?,1
"How does the EBITDA for the International Business segment in Q4 FY2023 compare to the same quarter in the previous fiscal year (Q4 FY2022), and what impact does this have on profitability?",1
Can you analyze the net profit margin for the International Business segment in Q4 FY2023 and discuss any notable changes or trends?,1
How does the EBITDA growth in the Domestic Business segment for Q4 FY2023 contribute to the overall financial performance of the company?,1
What strategic measures might have influenced the 36.80% Y-o-Y increase in net profit for the Domestic Business segment in Q4 FY2023?,1
Can you elaborate on the reasons behind the 31.60% Y-o-Y growth in revenue for the Domestic Business segment in Q4 FY2023 and how it aligns with market dynamics?,0
How does the international revenue for Q4 FY2023 impact the development of renewable energy sources?,0
What is the impact of the EBITDA growth in Q3 FY2023 on the culinary arts and food industry?,0
Can you discuss the influence of net profit trends in the Domestic Business segment on medieval literature research?,0
In what ways does the Q-o-Q change in revenue for the International Business segment relate to space exploration technologies?,0
How does the Y-o-Y percentage change in EBITDA for the Domestic Business segment affect underwater archaeology research?,0
What is the impact of the net profit margin for the International Business segment on advancements in quantum computing?,0
Can you elaborate on how the EBITDA growth in the Domestic Business segment contributes to the study of ancient civilizations?,0
How do the Q4 FY2023 net profit trends in the Domestic Business segment impact the exploration of parallel universes?,0
In what ways does the Q-o-Q change in EBITDA for the International Business segment relate to sustainable agriculture practices?,0
Can you discuss the influence of the Y-o-Y growth in net profit for the Domestic Business segment on the study of deep-sea ecosystems?,0
"distance between ""something"" and ""something""",0
"distance between ""somethings""",1
"how much did "" "" make in "" "" ?",1
"what was the "" "" in "" "" for sonata software ?",1
"what was the total revenue in "" "" under domestic business ?",1
"what was the total revenue in "" "" under international business ?",1
